{
  "What is 15% of €120,000?": 18000.0,
  "Annual revenue if 20 teams each pay €3,500 monthly?": 840000.0,
  "What is the monthly saving switching from €5,000 to €299?": 4701.0,
  "What is 8.5% growth applied to €565,000?": 613025.0,
  "100 users times €299 per month times 12 months.": 358800.0,
  "What is the ROI if we invest €80,000 and save €200,000?": 1.5,
  "What percentage is €425,000 of €2,100,000?": 20.238095238095237,
  "Total savings over 36 months at €3,500 per month?": 126000.0,
  "€200,000 growing at 12% annually — value after 24 months?": 250880.0,
  "If ARR is €845,000 and grows by 21%, what is the new ARR?": 1022450.0,
  "What is 17.5% of 250000?": 43750.0,
  "Calculate 8 percent of 53,359.": 4268.72,
  "Calculate 103200 times 1.15.": 118680.0,
  "What is 42800 minus 31200?": 11600.0,
  "What is 55100 divided by 7?": 7871.428571428572,
  "Find the mean of these four values: 55100, 68300, 84900, 103200.": 77875.0,
  "Churn decreasing from 1.5% to 0.5% — how many fewer lost per 1,000?": 10.0,
  "Divide 10,833 by 6,957.": 1.5570619806528676,
  "If I pay 999 per month for 3 years, what is the total?": 35964.0,
  "What is 299 plus 500?": 799.0,
  "Sum 7,500 and 3,200.": 10700.0,
  "Calculate 98000 minus 45700.": 52300.0,
  "What is 340 multiplied by 28?": 9520.0,
  "Divide 144000 by 12.": 12000.0,
  "What is 12500 plus 8750 plus 6300?": 27550.0,
  "Calculate 1000000 minus 347500.": 652500.0,
  "What is 625 times 48?": 30000.0,
  "How much is 999999 divided by 3?": 333333.0,
  "What is 45 plus 67 plus 89 plus 123?": 324.0,
  "Subtract 18900 from 52400.": 33500.0,
  "What is 25% of €400,000?": 100000.0,
  "Calculate 12% of 750000.": 90000.0,
  "What is 3.5% of 1200000?": 42000.0,
  "How much is 7% of €85,000?": 5950.0,
  "What is 45% of 220000?": 99000.0,
  "Calculate 0.5% of 2000000.": 10000.0,
  "What is 33% of €90,000?": 29700.0,
  "How much is 18.5% of 640000?": 118400.0,
  "What percentage is 75000 of 500000?": 15.0,
  "What percentage is 12000 of 80000?": 15.0,
  "If 50 users each pay €199/month, what is the monthly total?": 9950.0,
  "15 enterprise seats at €999/month for 12 months, what is the total?": 179820.0,
  "If we charge €499/month and have 200 subscribers, what is the annual revenue?": 1197600.0,
  "30 customers paying €2,500/month gives how much per year?": 900000.0,
  "Quarterly revenue if 75 teams each pay €149 per month?": 33525.0,
  "What is the total cost of 10 licenses at €4,200 per year?": 42000.0,
  "If monthly cost is €8,500 and we run for 18 months, what is the total spend?": 153000.0,
  "250 units at €35 each, what is the total?": 8750.0,
  "If 40 employees each cost €6,000/month, what is the annual payroll?": 2880000.0,
  "Total 2-year hosting cost for 5 servers at €1,200 per month?": 144000.0,
  "New revenue if €500,000 base increases by 8%?": 540000.0,
  "Apply 15% growth to €320,000.": 368000.0,
  "If MRR is €42,000 and increases by 5%, what is the new MRR?": 44100.0,
  "Amount remaining after a 10% reduction to €1,200,000?": 1080000.0,
  "If ARR is €960,000 and grows 30%, what is the projected ARR?": 1248000.0,
  "Increase €750,000 by 22 percent.": 915000.0,
  "If current revenue is €180,000 and grows by 40%, what is the result?": 252000.0,
  "What remains after reducing €2,500,000 by 6 percent?": 2350000.0,
  "What is €88,000 after 3 years of 10% annual growth?": 117128.0,
  "Starting with 5,000 customers growing 12% annually, count after 24 months?": 6272.0,
  "Compound interest: €100,000 principal at 8% annual rate for 3 years?": 125971.2,
  "Calculate €50,000 compounded at 6% annually for 5 years.": 66911.27888,
  "If I save €2,000/month for 2 years, what is the total?": 48000.0,
  "€350,000 invested at 9% for 4 years compounded annually.": 494053.5635,
  "What is €75,000 at 5% annual return for 10 years?": 122167.097,
  "Subtract €8,500 from €12,000.": 3500.0,
  "Annual savings switching from €7,200 to €4,800 per month?": 28800.0,
  "Yearly savings: old cost €95,000 versus new cost €62,000?": 33000.0,
  "Cost per user drops from €45 to €29, savings for 500 users?": 8000.0,
  "We pay €3,400/month now vs €2,100/month new, what is the yearly saving?": 15600.0,
  "Return on investment: €150,000 spent, €400,000 gained?": 1.6666666666666667,
  "Profit margin if profit is €220,000 on €800,000 revenue?": 0.275,
  "Express 45,000 as a fraction of 180,000.": 0.25,
  "Cost-benefit ratio: €35,000 cost versus €112,000 benefit?": 0.3125,
  "Calculate the profit margin if revenue is €500,000 and costs are €375,000.": 0.25,
  "What is the average of 12000, 15000, 18000, and 22000?": 16750.0,
  "Find the mean of 340, 520, 610, 480, and 390.": 468.0,
  "Split €360,000 equally among 8 departments.": 45000.0,
  "Monthly allocation from a €1,500,000 annual budget?": 125000.0,
  "If total is €240,000 and there are 6 regions, how much per region?": 40000.0
}